,rank,names,nationality,gender,age_category,time,race
0,1,Yoann STUCK,France,Men,40-44,03:40:10,MCC
1,2,Léo TUAZ,France,Men,20-34,03:40:27,MCC
2,3,Clement GENOT,France,Men,20-34,03:41:56,MCC
3,4,Alvïn ALEXANDRE,France,Men,20-34,03:45:14,MCC
4,5,Edouard THOUVENIN,France,Men,20-34,03:46:30,MCC
5,6,Antoine SUPERNANT,France,Men,20-34,03:48:44,MCC
6,7,Pierre POLLET,France,Men,20-34,03:49:11,MCC
7,8,Antonin THEROND,France,Men,20-34,03:50:12,MCC
8,9,Matthieu CORGIER,France,Men,20-34,03:53:59,MCC
9,10,Lucas MOURET,France,Men,20-34,03:54:21,MCC
10,11,Henri RACOUCHOT,France,Men,20-34,03:56:55,MCC
11,12,Cesar COSTA,Switzerland,Men,45-49,03:57:42,MCC
12,13,Louis FELISAZ,France,Men,20-34,03:59:13,MCC
13,14,Antoine PROD HOMME,France,Men,20-34,04:00:36,MCC
14,14,Guillaume LÉNON,France,Men,20-34,04:00:36,MCC
15,16,Pau ZAMORA,Spain,Men,45-49,04:01:08,MCC
16,17,Romain LETERME,France,Men,20-34,04:02:57,MCC
17,18,Léon FUCHS,France,Men,20-34,04:03:38,MCC
18,19,Anonymous,France,Men,20-34,04:05:15,MCC
19,20,Camille FERRE,French Polynesia,Men,20-34,04:06:58,MCC
20,21,Maxime VESSE,France,Men,20-34,04:07:11,MCC
21,22,Marc BRETON-BRASSARD,France,Men,35-39,04:07:49,MCC
22,23,Gabriel CHAMEL,France,Men,35-39,04:08:33,MCC
23,24,Thibaut REAL,France,Men,20-34,04:09:07,MCC
24,25,Mathis DECROUX,France,Men,20-34,04:12:57,MCC
25,26,Florian MALLET,France,Men,20-34,04:13:04,MCC
26,27,Florent LONGUET,France,Men,20-34,04:14:55,MCC
27,28,Romuald DEPAEPE,France,Men,50-54,04:15:00,MCC
28,29,Anonymous,France,Men,20-34,04:16:13,MCC
29,29,Wouter WAGENAAR,Netherlands,Men,40-44,04:16:13,MCC
30,31,Marine QUINTARD,France,Women,20-34,04:16:24,MCC
31,32,Mathias COURCOL,France,Men,20-34,04:16:55,MCC
32,33,Fleury ROUX,France,Men,20-34,04:19:14,MCC
33,34,Armand JOREZ,France,Men,20-34,04:20:26,MCC
34,35,Julien GILLERON,France,Men,45-49,04:20:29,MCC
35,36,Rémi MAREL,France,Men,20-34,04:20:35,MCC
36,37,Leo Paul CRACOWSKI,France,Men,20-34,04:20:49,MCC
37,38,Thomas GRAMOULLE,France,Men,40-44,04:21:06,MCC
38,39,Maxime GAYMARD,France,Men,20-34,04:21:10,MCC
39,40,Pauline GIRARDET,France,Women,20-34,04:21:16,MCC
40,41,Mathys GENARD,France,Men,20-34,04:22:08,MCC
41,42,Alban VINCENT,France,Men,20-34,04:22:44,MCC
42,43,Paolo DELLAVESA,Italy,Men,20-34,04:23:18,MCC
43,44,Simon JAMES,United Kingdom,Men,45-49,04:23:31,MCC
44,45,Sacha COUSIN,France,Men,35-39,04:23:54,MCC
45,46,Iris PESSEY,France,Women,20-34,04:25:04,MCC
46,47,Thomas AUBINIERE,France,Men,20-34,04:25:28,MCC
47,48,Hugo CHAPOUTAUD,France,Men,20-34,04:26:27,MCC
48,49,Eva DELAFOSSE,France,Women,20-34,04:28:03,MCC
49,50,Bleunwenn HELEU,France,Women,20-34,04:28:04,MCC
50,51,Mickael MELMI,France,Men,35-39,04:31:45,MCC
51,52,Anthony GAY,France,Men,40-44,04:31:57,MCC
52,53,Vincent THIBAULT,France,Men,20-34,04:31:59,MCC
53,54,Aurélien PESSOZ,France,Men,20-34,04:32:44,MCC
54,55,Jules SAVIGNAC,France,Men,20-34,04:32:49,MCC
55,56,Severin ROUSSEAU,France,Men,20-34,04:33:24,MCC
56,57,Julian LOISON,France,Men,20-34,04:34:45,MCC
57,58,Charles LONGOUR,France,Men,20-34,04:35:20,MCC
58,59,Dorian LARRIERE,France,Men,40-44,04:35:35,MCC
59,60,Giovanna MARTINS,Brazil,Women,40-44,04:36:07,MCC
60,61,Armand BLAIX,France,Men,20-34,04:39:16,MCC
61,62,Romain AUGADE,France,Men,40-44,04:39:44,MCC
62,63,Ashley HAWKS,United States of america,Women,20-34,04:40:56,MCC
63,64,Maxime RUEDA,France,Men,20-34,04:41:16,MCC
64,65,Raphael LANCHON DALMARD,France,Men,35-39,04:41:33,MCC
65,66,Leo BOURGIN,France,Men,20-34,04:41:34,MCC
66,67,Raphael BEAUFILS,France,Men,20-34,04:41:39,MCC
67,68,Thomas DUAULT,France,Men,20-34,04:42:28,MCC
68,69,Stephane MADEC,France,Men,45-49,04:43:08,MCC
69,70,Goulven CORNEC,France,Men,20-34,04:43:25,MCC
70,71,Eddy MASCHIO,France,Men,20-34,04:43:35,MCC
71,72,Thibaud GERLACH,France,Men,20-34,04:44:31,MCC
72,73,Oier ESCUDERO MENDIZABAL,Spain,Men,20-34,04:45:09,MCC
73,74,Sara ESCOBAR CARRON,Switzerland,Women,45-49,04:45:16,MCC
74,75,Benjamin NICOLAS,France,Men,20-34,04:45:44,MCC
75,76,Ulysse BARBIER,France,Men,20-34,04:45:54,MCC
76,77,Julie GARNIER,France,Women,20-34,04:46:29,MCC
77,78,Young Kyoon LEE,France,Men,35-39,04:46:49,MCC
78,79,Maxime PAULETTO,France,Men,35-39,04:49:06,MCC
79,80,Aurelie DELATTAIGNANT,France,Women,35-39,04:49:47,MCC
80,81,Hugo CORDANI,France,Men,20-34,04:49:55,MCC
81,82,Joseph MESTRALLET,France,Men,20-34,04:49:56,MCC
82,83,Nicolas RAFETIN,France,Men,20-34,04:50:26,MCC
83,84,Alan LE GODAIS,France,Men,20-34,04:50:35,MCC
84,85,Corentin MOREL,France,Men,20-34,04:50:45,MCC
85,86,Agustin BARABOTTI,Argentina,Men,35-39,04:50:47,MCC
86,87,Anonymous,United Kingdom,Men,40-44,04:51:31,MCC
87,88,Ian Franco DEFAZY,Argentina,Men,20-34,04:52:11,MCC
88,89,Herve DOMENIGHINI,Italy,Men,35-39,04:52:24,MCC
89,90,Bruno PAILLARDET,France,Men,45-49,04:52:30,MCC
90,91,Anonymous,France,Men,50-54,04:52:37,MCC
91,92,Valentine BOURGEOIS,France,Women,20-34,04:53:03,MCC
92,93,Nicolas ROCHER,France,Men,20-34,04:53:33,MCC
93,94,Arthur MAGREAULT,France,Men,20-34,04:53:46,MCC
94,95,Paul BONNAUD,France,Men,20-34,04:53:51,MCC
95,96,Lucie MEYER,France,Women,20-34,04:53:54,MCC
96,97,Theo GARY,France,Men,20-34,04:54:21,MCC
97,98,Pierre BERNARD,France,Men,20-34,04:54:40,MCC
98,99,Albert JORQUERA MESTRES,Spain,Men,45-49,04:55:00,MCC
99,100,Matthias VAUTHIER,Switzerland,Men,40-44,04:56:34,MCC
100,101,Antoine STROHL,France,Men,20-34,04:56:43,MCC
101,102,Félix BRIDON,France,Men,20-34,04:57:13,MCC
102,103,David LE CUDENNEC,France,Men,20-34,04:57:46,MCC
103,104,Benjamin MANOUKIAN,France,Men,35-39,04:57:47,MCC
104,105,Marc ORLANDINI,Italy,Men,50-54,04:58:11,MCC
105,106,Florent SEGAUD,France,Men,35-39,04:58:55,MCC
106,107,Romain DUROT,France,Men,20-34,04:59:26,MCC
107,108,Pierre MARBAUD,France,Men,20-34,05:00:54,MCC
108,109,Quentin FOURNIER,France,Men,20-34,05:01:57,MCC
109,109,Lucas DUROVRAY,France,Men,20-34,05:01:57,MCC
110,111,Jean-Marie DUPONT-DE DINECHIN,France,Men,45-49,05:02:10,MCC
111,112,Josselin LE GOUELLEC,France,Men,20-34,05:03:01,MCC
112,113,Mohand-Chabane MOSTEFAOUI,France,Men,20-34,05:03:29,MCC
113,113,Morgan JONES,United Kingdom,Men,35-39,05:03:29,MCC
114,115,Thierry PORT,France,Men,20-34,05:03:30,MCC
115,116,Juliette CHASSAGNE,France,Women,20-34,05:03:31,MCC
116,117,Michael AMBROSE,United States of america,Men,35-39,05:03:34,MCC
117,118,Annelyse DAGORNE,France,Women,20-34,05:03:59,MCC
118,119,William WALCKER,France,Men,35-39,05:04:01,MCC
119,120,Antoine BALAY,France,Men,20-34,05:04:30,MCC
120,121,Franck CORDUANT,France,Men,20-34,05:05:05,MCC
121,122,Etienne RIVRON,France,Men,20-34,05:05:20,MCC
122,123,Maxime SAUDET,France,Men,20-34,05:05:43,MCC
123,124,Emile MOIRON,France,Men,20-34,05:06:14,MCC
124,125,Nathan PEAUGER,France,Men,20-34,05:06:17,MCC
125,126,Romy CHEVALIER,France,Women,35-39,05:07:00,MCC
126,127,Tahar MANAI,France,Men,35-39,05:07:17,MCC
127,128,Nicolas RIBARD,France,Men,20-34,05:08:25,MCC
128,129,Xavier ESPINAL,Spain,Men,50-54,05:08:30,MCC
129,130,Florian AUDIBERT,France,Men,35-39,05:08:34,MCC
130,131,Mathieu LE STRAT,France,Men,20-34,05:08:36,MCC
131,132,Guillaume MOLINS,France,Men,40-44,05:08:50,MCC
132,133,Robin DUBREUCQ,France,Men,35-39,05:09:00,MCC
133,134,Nicolas SPIESS,France,Men,35-39,05:09:01,MCC
134,135,Lucas BREANT,France,Men,20-34,05:09:42,MCC
135,136,Pierre COUTOULY,France,Men,20-34,05:09:59,MCC
136,137,Jeremy CORDONNIER,France,Men,35-39,05:10:02,MCC
137,138,Benjamin PERRET,France,Men,20-34,05:10:11,MCC
138,139,Thibault CHAPPEX,France,Men,20-34,05:11:14,MCC
139,140,José Alberto ESTRADA,Spain,Men,40-44,05:11:39,MCC
140,141,Clément FREBAULT,France,Men,20-34,05:12:03,MCC
141,142,Timothée Nicoulin,France,Men,20-34,05:13:07,MCC
142,143,José Antonio DE PABLO,Spain,Men,50-54,05:13:16,MCC
143,144,Léna CAT,France,Women,20-34,05:14:34,MCC
144,145,Martin BERTHOLEY,France,Men,20-34,05:14:54,MCC
145,146,Marine COQUARD,France,Women,20-34,05:15:00,MCC
146,147,Anouk GAVILLET,Switzerland,Women,20-34,05:15:14,MCC
147,148,Denis MONSEGU,France,Men,40-44,05:15:35,MCC
148,149,Mathieu FARINI,France,Men,20-34,05:16:01,MCC
149,150,Paul VIGNERON,France,Men,20-34,05:16:26,MCC
150,151,Henrik ARNSTORP,Norway,Men,35-39,05:16:48,MCC
151,152,Borja VALDÉS,Spain,Men,45-49,05:17:16,MCC
152,153,Baptiste RUET,France,Men,20-34,05:17:22,MCC
153,154,Jason THORRIGNAC,France,Men,20-34,05:17:34,MCC
154,155,Benjamin GILBERT,United Kingdom,Men,35-39,05:18:09,MCC
155,156,Minh-Anh PHAM,France,Men,35-39,05:18:58,MCC
156,157,Jordan HERRAULT,France,Men,20-34,05:19:13,MCC
157,158,Simon MOREAU,France,Men,20-34,05:19:26,MCC
158,159,Thibaut FRUCHIER,France,Men,40-44,05:19:30,MCC
159,160,Claire PEREGO,France,Women,20-34,05:19:33,MCC
160,161,Mathias IONITA,France,Men,20-34,05:19:34,MCC
161,162,Julien DUPUIS,France,Men,35-39,05:19:40,MCC
162,163,Clément CARRET,France,Men,20-34,05:20:04,MCC
163,164,Omar BEAUCHE,France,Men,20-34,05:20:40,MCC
164,165,Thomas FONNARD,France,Men,35-39,05:21:26,MCC
165,166,Emmanuel GOUIN,France,Men,55-59,05:21:51,MCC
166,167,Benoît CAVALIER,France,Men,35-39,05:22:01,MCC
167,168,Thibauld BETHENOD,France,Men,20-34,05:22:24,MCC
168,169,Yannick GUILLOU,Switzerland,Men,50-54,05:23:44,MCC
169,170,Clement PIGNET,France,Men,35-39,05:23:46,MCC
170,171,Mathieu MICHEL,France,Men,35-39,05:24:11,MCC
171,172,Murielle MORIN,France,Women,20-34,05:24:12,MCC
172,173,Maxime RENOUX SAN MILLÁN,France,Men,20-34,05:24:24,MCC
173,174,Romain TROLLET,France,Men,45-49,05:24:34,MCC
174,175,Christophe HECKER,France,Men,20-34,05:24:46,MCC
175,176,Manon BAUDRY,France,Women,20-34,05:25:23,MCC
176,177,Stephane BROUZES,France,Men,45-49,05:25:39,MCC
177,178,Alexis MARTINS,France,Men,20-34,05:25:56,MCC
178,179,Emma THOMAS,France,Women,20-34,05:25:59,MCC
179,180,Matthis GERAT,France,Men,20-34,05:26:12,MCC
180,181,Lucas LEDUCQ,France,Men,20-34,05:26:13,MCC
181,182,Mathilde CHAMAILLARD,France,Women,20-34,05:26:23,MCC
182,183,Alexandre MALLIER,France,Men,40-44,05:27:00,MCC
183,184,Benoit GOMOT,France,Men,40-44,05:27:07,MCC
184,185,Benoit COULON,France,Men,20-34,05:27:17,MCC
185,186,Matthieu COUVERT,France,Men,20-34,05:27:30,MCC
186,187,Yoann LAGIER,France,Men,20-34,05:27:56,MCC
187,188,Yannick CONTAT,France,Men,20-34,05:28:00,MCC
188,189,Anna-Marie WATSON,United Kingdom,Women,45-49,05:28:25,MCC
189,190,David CAMBON,France,Men,40-44,05:28:28,MCC
190,191,Félicien JANS,Belgium,Men,20-34,05:28:44,MCC
191,192,Samy SBITI,France,Men,20-34,05:28:51,MCC
192,192,Oscar LEGRAND,France,Men,20-34,05:28:51,MCC
193,194,Nicolas THIERSTEIN,France,Men,20-34,05:28:58,MCC
194,195,Charles SOUTIF,France,Men,45-49,05:29:10,MCC
195,196,Orféo MANDIN,France,Men,20-34,05:29:59,MCC
196,197,Alexandre GERVAIS,France,Men,20-34,05:30:02,MCC
197,198,Giles BROOM,United Kingdom,Men,40-44,05:30:05,MCC
198,199,Lucas OHLENDORF,Germany,Men,20-34,05:30:24,MCC
199,200,Jacques RAPPENNE,France,Men,45-49,05:30:32,MCC
200,201,Aurèle VALLET,France,Men,35-39,05:30:58,MCC
201,202,Paula ROY,France,Women,20-34,05:31:07,MCC
202,203,Yoann VIRELY,France,Men,20-34,05:31:30,MCC
203,204,Laura MÉTAIS,France,Women,20-34,05:31:32,MCC
204,205,Anonymous,France,Men,35-39,05:31:45,MCC
205,206,Vasile SECMAN,Romania,Men,20-34,05:32:00,MCC
206,207,Joffrey BAILLY,France,Men,20-34,05:32:10,MCC
207,208,Corentin CHRISTEAU,France,Men,20-34,05:32:17,MCC
208,209,Franck BICAND,France,Men,40-44,05:32:38,MCC
209,210,Elisa BROSSARD,France,Women,20-34,05:32:42,MCC
210,211,Mathis TOURNIER,France,Men,20-34,05:32:45,MCC
211,212,Jean DUVIVIER,France,Men,20-34,05:32:47,MCC
212,213,Louis VALERA,France,Men,20-34,05:33:08,MCC
213,214,Valentin PAUL,France,Men,20-34,05:33:12,MCC
214,215,Hadrien AUGUSTO,France,Men,20-34,05:33:42,MCC
215,216,Gavin ROUAUD,France,Men,35-39,05:33:49,MCC
216,217,Albert COURAU,France,Men,20-34,05:33:52,MCC
217,218,Helene PERROT,France,Women,20-34,05:33:58,MCC
218,219,David BERTAUD,France,Men,20-34,05:34:00,MCC
219,220,Charles HERVOCHON,France,Men,20-34,05:34:01,MCC
220,221,Johan RIVOIRE,France,Men,20-34,05:34:15,MCC
221,222,Yingchun CAO,China,Women,50-54,05:34:25,MCC
222,223,Theo BAILLET,France,Men,20-34,05:34:42,MCC
223,224,Bertrand BOSLE,France,Men,60-64,05:34:44,MCC
224,225,Clement TERRASSE,France,Men,20-34,05:35:13,MCC
225,226,Pauline COSSON,France,Women,20-34,05:35:26,MCC
226,227,Jan-Moritz GWINNER,Germany,Men,45-49,05:35:34,MCC
227,228,Victor SIROT,France,Men,20-34,05:35:40,MCC
228,229,Benjamin HEDDE,France,Men,40-44,05:36:32,MCC
229,230,Cloé SINGER,France,Women,20-34,05:36:39,MCC
230,231,Romain L HELGOUALCH,France,Men,20-34,05:37:43,MCC
231,232,Frédérick GAILLARD,France,Men,20-34,05:38:11,MCC
232,233,Thomas PERRAUDIN,Switzerland,Men,45-49,05:38:21,MCC
233,234,Manon JACQUES,France,Women,20-34,05:38:35,MCC
234,235,Anakine FAUGERE,France,Men,20-34,05:38:49,MCC
235,236,Theo SALVADORI,France,Men,20-34,05:38:58,MCC
236,237,Héloïse DUCREY,France,Women,20-34,05:39:36,MCC
237,238,Balthazar DE LAVERGNE,France,Men,35-39,05:39:42,MCC
238,239,Long LI,China,Men,40-44,05:39:59,MCC
239,240,Pierre-Jean RUEDA,France,Men,40-44,05:40:32,MCC
240,241,Gaetan ROHRBACH,France,Men,20-34,05:40:36,MCC
241,242,Christelle BIANCO,Switzerland,Women,40-44,05:40:43,MCC
242,243,Michiel CAUWELIER,Belgium,Men,40-44,05:40:51,MCC
243,244,Louis SOLEILHAC,France,Men,20-34,05:40:59,MCC
244,245,Nicolas DORNIER,France,Men,45-49,05:41:00,MCC
245,246,Lucie PARPETTE,France,Women,20-34,05:41:14,MCC
246,247,Charlene MANGEL,France,Women,40-44,05:41:34,MCC
247,248,Lorik LAUGT,France,Men,20-34,05:41:48,MCC
248,249,Alexis BARRANCA,France,Men,20-34,05:41:54,MCC
249,250,Josh WILLETT,United Kingdom,Men,20-34,05:41:58,MCC
250,251,Camille FELLAY,Switzerland,Women,20-34,05:42:15,MCC
251,252,Didier JUBIN,Switzerland,Men,55-59,05:42:55,MCC
252,253,Guillaume ANTONIETTI,France,Men,50-54,05:42:58,MCC
253,254,Laurent RESSEGAIRE,France,Men,45-49,05:43:01,MCC
254,255,Nicolas CHOUFFE,France,Men,20-34,05:43:02,MCC
255,256,Anthyme BOISSON,France,Men,20-34,05:43:20,MCC
256,257,Gabin FLON,France,Men,20-34,05:43:26,MCC
257,258,Mathis DUMAS,France,Men,20-34,05:43:35,MCC
258,259,Justine YOUINOU,France,Women,20-34,05:43:44,MCC
259,260,Thibaut MEYNENT,France,Men,20-34,05:43:45,MCC
260,261,Aleksandrs ISAKOVS,Latvia,Men,20-34,05:43:47,MCC
261,262,Marie MERCIER,France,Women,20-34,05:43:52,MCC
262,263,Mathieu LAVILLE,France,Men,20-34,05:44:14,MCC
263,264,François OLIVIER,France,Men,35-39,05:44:27,MCC
264,265,Sebastien HUDUT,France,Men,40-44,05:44:32,MCC
265,266,Yann CADART,France,Men,35-39,05:45:00,MCC
266,267,Nicolas LATIERCE,France,Men,45-49,05:45:12,MCC
267,268,Emile DU PLESSIS D'ARGENTRE,France,Men,20-34,05:45:47,MCC
268,269,Victor MARTINET,France,Men,20-34,05:45:54,MCC
269,270,Jean-Victor ANDREOLI,France,Men,35-39,05:45:58,MCC
270,271,Louis GRANIER,France,Men,20-34,05:46:11,MCC
271,272,Manon PLET,France,Women,20-34,05:46:40,MCC
272,273,Liam OLIANTI,France,Men,20-34,05:47:20,MCC
273,274,Nicolas MERMOUD,France,Men,55-59,05:47:46,MCC
274,275,Sara SPINELLA,Italy,Women,20-34,05:47:53,MCC
275,276,Carole MILLET,France,Women,55-59,05:48:12,MCC
276,277,Jérôme TERRIER,France,Men,50-54,05:48:25,MCC
277,278,Gillian LEDUC,France,Men,20-34,05:48:33,MCC
278,279,Aurelien CHIFFOLLEAU,France,Men,35-39,05:49:00,MCC
279,279,Yoan VUILLOT,France,Men,20-34,05:49:00,MCC
280,281,Yoann FERNEX,France,Men,40-44,05:49:12,MCC
281,282,Marine PUECH,France,Women,20-34,05:49:27,MCC
282,283,Duncan PLATT,United Kingdom,Men,55-59,05:49:30,MCC
283,284,Clément OETTLI,France,Men,40-44,05:50:12,MCC
284,285,Olivier LOISEL,France,Men,20-34,05:50:22,MCC
285,286,Jack BOVEY,United Kingdom,Men,20-34,05:50:44,MCC
286,287,Benjamin BENTLEY,Switzerland,Men,20-34,05:50:46,MCC
287,288,Etienne AUDEOUD,France,Men,20-34,05:51:33,MCC
288,289,Elisa ANGONIN,France,Women,20-34,05:51:43,MCC
289,289,Lucie DORIOT,France,Women,20-34,05:51:43,MCC
290,291,Léa CONDAMINET,France,Women,20-34,05:51:46,MCC
291,292,Fabrice GHISOLI,Switzerland,Men,40-44,05:51:51,MCC
292,293,Léa HUDRY,France,Women,20-34,05:52:28,MCC
293,294,Celine RODRIGUES,France,Women,20-34,05:52:53,MCC
294,295,Magalie JEGOU,France,Women,20-34,05:52:55,MCC
295,296,Josephine BAYLE,France,Women,20-34,05:53:08,MCC
296,296,Maxime VERSCHOOR,France,Men,20-34,05:53:08,MCC
297,298,Simon REYNOLDS,United Kingdom,Men,20-34,05:53:09,MCC
298,299,Guillaume SPILLMANN,France,Men,40-44,05:53:33,MCC
299,300,Baptiste GROUSSIER,France,Men,35-39,05:53:52,MCC
300,301,Florian PIFFETEAU,France,Men,35-39,05:54:14,MCC
301,302,Charly BOZON,France,Men,20-34,05:55:07,MCC
302,303,Oscar BALLSDON,United Kingdom,Men,20-34,05:55:20,MCC
303,304,Gabriel BARMAN,Switzerland,Men,20-34,05:55:37,MCC
304,305,Renaud METAIS,France,Men,35-39,05:55:47,MCC
305,306,Alexandre VIAL,France,Men,50-54,05:55:58,MCC
306,307,Andrea FERENCE,Canada,Women,35-39,05:56:15,MCC
307,308,Thierry VUAGNOUX,France,Men,60-64,05:56:36,MCC
308,309,Jérémie CONORD,France,Men,20-34,05:56:39,MCC
309,310,Patrice CHAVEROT,France,Men,60-64,05:56:46,MCC
310,311,Karina CAZALI,France,Women,20-34,05:56:51,MCC
311,312,Lionel GIROUD,Switzerland,Men,35-39,05:56:58,MCC
312,313,Tom GAVILLET,Switzerland,Men,20-34,05:57:01,MCC
313,314,Cyril COTTET,France,Men,40-44,05:57:02,MCC
314,315,Jon FIELDEN,United Kingdom,Men,50-54,05:57:29,MCC
315,316,Nicolas TAVERNIER,France,Men,40-44,05:57:30,MCC
316,317,Aurélien PAUTRAT,France,Men,20-34,05:57:42,MCC
317,318,Valentine DE CARRERE,France,Women,20-34,05:58:25,MCC
318,319,Lancelot VACHER,France,Men,20-34,05:58:29,MCC
319,320,Anonymous,France,Men,50-54,05:59:08,MCC
320,321,Nicolas SCHEERLINCK,France,Men,20-34,05:59:27,MCC
321,322,Philippe MARQUES-MANDIN,France,Men,55-59,05:59:29,MCC
322,323,Antonio MAZZA,Italy,Men,35-39,05:59:35,MCC
323,324,Théo PETON-LANGLOIS,France,Men,20-34,05:59:49,MCC
324,325,Lise MOREL,Switzerland,Women,45-49,06:00:00,MCC
325,326,Josh KEMPINAIRE,Switzerland,Men,20-34,06:00:05,MCC
326,327,Luigi PALUMBO,France,Men,35-39,06:00:23,MCC
327,328,Maxime TESSIER,France,Men,35-39,06:00:39,MCC
328,329,Arnaud CERISE,France,Men,50-54,06:00:44,MCC
329,330,Perrine BRINGUIER,France,Women,40-44,06:00:52,MCC
330,331,Michael LIE,Indonesia,Men,20-34,06:01:04,MCC
331,331,Anonymous,France,Men,20-34,06:01:04,MCC
332,333,Charlotte MAISONS,France,Women,20-34,06:01:28,MCC
333,334,Léo DURAND,France,Men,20-34,06:01:32,MCC
334,335,Julien BOITEL,France,Men,35-39,06:02:03,MCC
335,336,Julien BELOU,France,Men,35-39,06:02:13,MCC
336,337,Fabien GRIMAL,France,Men,35-39,06:02:29,MCC
337,338,Fantine TESSEREAU,France,Women,20-34,06:02:52,MCC
338,339,Kaitlin KOOSMAN,United States of america,Women,35-39,06:02:53,MCC
339,340,Hugo OUMESS,France,Men,20-34,06:02:56,MCC
340,341,Bastien MATHIEU,France,Men,20-34,06:03:09,MCC
341,342,Sam LOMBARDO,Switzerland,Men,20-34,06:03:12,MCC
342,343,Kyehong PARK,South Korea,Men,40-44,06:03:19,MCC
343,344,Christelle GAZAVE,France,Women,45-49,06:03:30,MCC
344,345,Fabien PAVARANI,France,Men,40-44,06:04:11,MCC
345,346,Benjamin JUAN,France,Men,20-34,06:04:25,MCC
346,347,Thibault MERLIN,France,Men,20-34,06:04:30,MCC
347,348,Strahil GESHEV,Bulgaria,Men,45-49,06:04:59,MCC
348,349,Miguel ORO,Spain,Men,45-49,06:05:13,MCC
349,350,Matteo CIANCI,Italy,Men,20-34,06:05:21,MCC
350,351,Eric DELHAYE,France,Men,60-64,06:05:36,MCC
351,352,Alban PELLEGRIN,France,Men,35-39,06:06:01,MCC
352,353,Constance SCHAERER,France,Women,20-34,06:06:02,MCC
353,354,Pierre-Charles FAYOLLE,France,Men,40-44,06:06:03,MCC
354,355,Valentin MUHAREM,France,Men,20-34,06:06:37,MCC
355,356,Tony FERRY,France,Men,20-34,06:06:55,MCC
356,357,Laura Petri,Denmark,Women,20-34,06:08:01,MCC
357,358,Dominic BELANGER,Canada,Men,55-59,06:08:11,MCC
358,359,Bertrand FARCK,France,Men,50-54,06:08:13,MCC
359,360,Kristyna RIHOVA,Czech Republic,Women,35-39,06:08:15,MCC
360,361,Maxime BARRAULT,France,Men,20-34,06:09:14,MCC
361,362,Guillaume GAGNEUX,France,Men,20-34,06:09:15,MCC
362,363,Pierre-Clément DAMY,France,Men,40-44,06:09:28,MCC
363,364,Rémy NICOROSI,France,Men,20-34,06:10:05,MCC
364,365,Amandine GENANS BOITEUX,France,Women,20-34,06:10:18,MCC
365,366,Federico WIENER,Argentina,Men,40-44,06:11:08,MCC
366,367,Guillaume AVRILLIER,France,Men,20-34,06:11:12,MCC
367,368,Antoine GUERAND,France,Men,35-39,06:11:13,MCC
368,369,Maxime ROUX,France,Men,20-34,06:11:21,MCC
369,370,Julie LAJOUX,Monaco,Women,20-34,06:11:25,MCC
370,371,Sylvain AMRANI,France,Men,35-39,06:11:28,MCC
371,372,Benjamin BALLOT,France,Men,40-44,06:11:29,MCC
372,373,Richard MILHE,France,Men,50-54,06:11:34,MCC
373,374,Anonymous,France,Men,55-59,06:11:36,MCC
374,375,Giuseppe MORAS,France,Men,55-59,06:12:41,MCC
375,376,Thibaut MACLET,France,Men,40-44,06:12:45,MCC
376,377,Etienne MEYNET MEUNIER,France,Men,20-34,06:12:47,MCC
377,378,Jean GUILHEM,France,Men,20-34,06:12:58,MCC
378,378,Capucine BOUNIOL,France,Women,20-34,06:12:58,MCC
379,380,Noam LUCAS,France,Men,20-34,06:13:17,MCC
380,381,Ram PURI,Nepal,Men,35-39,06:13:19,MCC
381,382,Clement MERMOUX,France,Men,20-34,06:13:24,MCC
382,383,Johann LALLEMENT,France,Men,40-44,06:13:35,MCC
383,384,Justine DUMONT,France,Women,20-34,06:13:45,MCC
384,385,Nathan BILEM,Belgium,Men,20-34,06:13:57,MCC
385,386,Estelle CASALS,France,Women,20-34,06:14:16,MCC
386,387,Aurélie VERHELST,France,Women,20-34,06:14:27,MCC
387,388,Loïc NEUENSCHWANDER,Switzerland,Men,20-34,06:14:39,MCC
388,389,Vincent BANET,France,Men,20-34,06:14:41,MCC
389,390,Valentin VEYSSADE,France,Men,20-34,06:14:42,MCC
390,391,Thomas LAURIA,France,Men,20-34,06:14:47,MCC
391,391,Clémence LESCURE,France,Women,20-34,06:14:47,MCC
392,393,Jerome GERVAIS,France,Men,45-49,06:14:49,MCC
393,394,Christian CHIOSO,Italy,Men,50-54,06:14:54,MCC
394,395,Bastien FRICKER,France,Men,45-49,06:15:07,MCC
395,396,Xavier FALLICO,Italy,Men,20-34,06:15:49,MCC
396,397,Mélaine RAVENEL,France,Men,40-44,06:16:09,MCC
397,398,Salome DE BONIS,France,Women,20-34,06:16:16,MCC
398,399,Cebastien NEEL SEGUES,France,Men,20-34,06:16:17,MCC
399,400,Alexandre GASPARI,Belgium,Men,45-49,06:16:28,MCC
400,401,Marcello MONTARULI,Switzerland,Men,50-54,06:16:37,MCC
401,402,Massimo Fabio ONNIS,Italy,Men,20-34,06:16:43,MCC
402,403,Lucine GINTZBURGER,France,Women,20-34,06:16:44,MCC
403,404,Valérian MOLLIET-VERDAN,France,Men,20-34,06:17:07,MCC
404,405,Noémie VULQUIN,France,Women,40-44,06:17:10,MCC
405,406,Rémy SUIVENG,France,Men,40-44,06:17:13,MCC
406,407,Agathe CHATEAU,France,Women,45-49,06:17:30,MCC
407,408,Arnaud RIVOIRE,France,Men,35-39,06:17:33,MCC
408,408,Yoann VIAULT,France,Men,20-34,06:17:33,MCC
409,410,Charline CAMAZZOLA,France,Women,20-34,06:17:34,MCC
410,411,Quentin CARDINAL,France,Men,20-34,06:17:39,MCC
411,412,Timothé ROLAND,France,Men,20-34,06:17:52,MCC
412,413,Quentin WOUTERS,Belgium,Men,20-34,06:18:01,MCC
413,414,Levana JODER,France,Women,20-34,06:18:03,MCC
414,415,Christophe EMERY,Switzerland,Men,55-59,06:18:04,MCC
415,416,Anaelle LUX,France,Women,20-34,06:18:08,MCC
416,417,Diane MOURENAS,France,Women,20-34,06:19:02,MCC
417,418,Gaëtan JANNEQUIN,France,Men,20-34,06:19:03,MCC
418,419,Alban JAFFRELOT,France,Men,40-44,06:19:13,MCC
419,420,Christophe PERRET,France,Men,50-54,06:19:26,MCC
420,421,Léo GATÉ,France,Men,20-34,06:19:38,MCC
421,422,Benjamin CALVAT,France,Men,35-39,06:19:39,MCC
422,423,Juliette MARTIN,France,Women,20-34,06:20:00,MCC
423,424,Anonymous,France,Men,20-34,06:20:28,MCC
424,425,Xavier KOECHLIN,France,Men,65-69,06:20:38,MCC
425,426,Pierre GALAN,France,Men,20-34,06:20:43,MCC
426,427,Franck FOURNIER,France,Men,20-34,06:20:53,MCC
427,428,Cécile MAILLARD,France,Women,20-34,06:21:15,MCC
428,429,Robert MARTINATO,France,Men,50-54,06:21:24,MCC
429,430,Antoine MONTAGNE,France,Men,20-34,06:21:43,MCC
430,431,Gabriel FRANZ BASSANESI,Brazil,Men,40-44,06:21:49,MCC
431,432,Sylvain JULLIAND,France,Men,20-34,06:21:58,MCC
432,433,Nicolas SCISCIOLI,France,Men,20-34,06:21:59,MCC
433,434,Léa DELAPORTE,France,Women,20-34,06:22:14,MCC
434,435,Carole BALLATORE,France,Women,35-39,06:22:25,MCC
435,436,Antoine DURAND,France,Men,20-34,06:22:32,MCC
436,437,Baptiste PERDEREAU,France,Men,20-34,06:22:35,MCC
437,438,Hélène FETISSOF,France,Women,40-44,06:22:44,MCC
438,439,Eric CHAUVIN,France,Men,50-54,06:22:46,MCC
439,440,Cyril PIEMONTESI,Switzerland,Men,35-39,06:23:58,MCC
440,441,Lucas PIGNARD,France,Men,20-34,06:24:07,MCC
441,442,Soleine MEDJEBAR,France,Women,20-34,06:24:33,MCC
442,443,Alice GOUBAND,France,Women,20-34,06:24:43,MCC
443,444,Quentin VUILLEMIN,France,Men,20-34,06:24:50,MCC
444,445,Edy PAGANIN,Italy,Men,45-49,06:25:02,MCC
445,446,Igor COSSON,France,Men,60-64,06:25:03,MCC
446,447,Rurun YANG,China,Men,20-34,06:25:06,MCC
447,448,Tamsyn PARAGOT,France,Women,20-34,06:25:07,MCC
448,449,Jonathan Matias LLANES,Argentina,Men,20-34,06:25:16,MCC
449,450,Sebastien DITILYEU,France,Men,35-39,06:25:23,MCC
450,451,Thibaut SAMPERIO,France,Men,20-34,06:25:27,MCC
451,452,Philippe GRAVE,France,Men,60-64,06:25:47,MCC
452,453,Jonathan ANDERSON,France,Men,40-44,06:26:29,MCC
453,454,Adrien MAUDUIT,France,Men,20-34,06:26:41,MCC
454,455,Vincent TORNIL,France,Men,20-34,06:26:43,MCC
455,456,Kihyeon AN,South Korea,Women,20-34,06:26:46,MCC
456,457,Marie-Charlotte ALEX,France,Women,20-34,06:27:10,MCC
457,458,Wilfried SANY,France,Men,40-44,06:27:13,MCC
458,459,Enguerran GIRAUD,France,Men,35-39,06:27:16,MCC
459,460,Charlotte LANGLET,France,Women,20-34,06:27:44,MCC
460,461,Fabio PALERMO,France,Men,20-34,06:27:45,MCC
461,462,Valentin GONCALVES,France,Men,20-34,06:27:49,MCC
462,463,Théophile NACHEF,France,Men,20-34,06:27:50,MCC
463,464,Anonymous,France,Men,65-69,06:27:53,MCC
464,465,Aurélie CASTILLO GARCIN,France,Women,45-49,06:28:06,MCC
465,466,Anouck DESLANDES,France,Women,20-34,06:28:19,MCC
466,467,Gilian ORIET,Switzerland,Men,40-44,06:28:57,MCC
467,468,Léa RAMOUSSE,France,Women,20-34,06:29:16,MCC
468,469,Simon ROUVINEZ,Switzerland,Men,35-39,06:29:17,MCC
469,470,Marie HENRY,France,Women,20-34,06:29:25,MCC
470,471,Martin BOTTINELLI,France,Men,20-34,06:29:27,MCC
471,471,Gabriel RUFF,France,Men,20-34,06:29:27,MCC
472,473,Amaryllis PLANTIER,France,Women,20-34,06:29:29,MCC
473,474,Antoine GOITINO,France,Men,35-39,06:29:55,MCC
474,475,Jeremie ROTURIER,France,Men,35-39,06:29:56,MCC
475,476,Martin GUILLET,France,Men,20-34,06:29:57,MCC
476,476,Cyrille MATHIEU,France,Men,50-54,06:29:57,MCC
477,478,Owen LANCELOT,Australia,Men,20-34,06:30:00,MCC
478,479,Anonymous,France,Women,55-59,06:30:04,MCC
479,480,Morgan VAN GELE,France,Men,20-34,06:30:07,MCC
480,481,Amélie DELASOIE,Switzerland,Women,20-34,06:30:25,MCC
481,482,Alexandre LASSIAZ,France,Men,20-34,06:30:26,MCC
482,483,Loïck MOISSONNIER,France,Men,20-34,06:30:27,MCC
483,484,Benoit BURILLON,France,Men,40-44,06:30:35,MCC
484,485,Iris WYDRZYNSKI,France,Women,20-34,06:31:15,MCC
485,486,Agostina VITA,Argentina,Women,35-39,06:31:35,MCC
486,486,Clara GIBERT,Spain,Women,20-34,06:31:35,MCC
487,488,Jimmy CARPENTIER,France,Men,45-49,06:31:41,MCC
488,489,Chris FALKINER,United Kingdom,Men,55-59,06:31:47,MCC
489,489,Mike REY,Italy,Men,55-59,06:31:47,MCC
490,491,Stephane CLERC,France,Men,55-59,06:31:49,MCC
491,492,Pierre CHARTON,France,Men,20-34,06:31:51,MCC
492,493,Anita ARNAU,France,Women,20-34,06:31:53,MCC
493,494,Guillaume SANCHEZ,France,Men,35-39,06:32:03,MCC
494,495,Robin FRECHET,France,Men,20-34,06:32:06,MCC
495,496,Jeanne MOREAU,France,Women,20-34,06:32:15,MCC
496,497,Julien DUGAY,France,Men,20-34,06:32:52,MCC
497,498,Samuel SIROT,France,Men,20-34,06:32:53,MCC
498,499,Justine DUCROZ,France,Women,20-34,06:32:55,MCC
499,500,Franck GAGUECHE,France,Men,50-54,06:33:09,MCC
500,501,Harry RATSIRAHONANA,France,Men,40-44,06:33:12,MCC
501,502,Adrien ARNOULD,France,Men,20-34,06:33:23,MCC
502,503,Coralie MARTINATO,France,Women,20-34,06:33:26,MCC
503,504,David MATHIEU,France,Men,55-59,06:34:15,MCC
504,505,Cedric ALLEGRINI-BOURDET,France,Men,50-54,06:35:15,MCC
505,505,Anonymous,France,Women,20-34,06:35:15,MCC
506,507,Shisheng LIN,China,Men,40-44,06:35:23,MCC
507,508,Edi PEAQUIN,Italy,Men,55-59,06:35:28,MCC
508,509,Giovanni IENARO,Italy,Men,50-54,06:35:29,MCC
509,510,Stefano GIODA,Italy,Men,35-39,06:35:37,MCC
510,510,Marion KOLMER,France,Women,35-39,06:35:37,MCC
511,512,Julien STEVENIN,France,Men,35-39,06:35:45,MCC
512,513,Ionut BLEDEA,Romania,Men,20-34,06:35:50,MCC
513,513,David GRANDCHAMP,Switzerland,Men,40-44,06:35:50,MCC
514,515,Marie-Charlotte GARRAULT,France,Women,20-34,06:36:00,MCC
515,516,Quentin RAUBER,France,Men,20-34,06:36:26,MCC
516,517,Paul ALVARINAS,France,Men,20-34,06:37:07,MCC
517,518,Aurélie FRICKER,France,Women,45-49,06:37:13,MCC
518,519,Justine PEREZ,France,Women,20-34,06:37:42,MCC
519,520,Emmanuelle LEVALLOIS,France,Women,45-49,06:38:02,MCC
520,521,Remi CHANTOISEAU,France,Men,40-44,06:38:05,MCC
521,522,Laëtitia RAVIER,France,Women,20-34,06:38:15,MCC
522,523,Marco FIORE,Italy,Men,20-34,06:39:12,MCC
523,524,Michele BONGIORNI,Italy,Men,40-44,06:39:28,MCC
524,525,Cédric VERBEKE,France,Men,35-39,06:39:30,MCC
525,526,Héloïse NOLDE,France,Women,20-34,06:39:34,MCC
526,527,Stephane GUYETAND,France,Men,55-59,06:40:11,MCC
527,527,Alexis KERAGHEL,France,Men,20-34,06:40:11,MCC
528,529,Paul FONTAINE,France,Men,40-44,06:40:13,MCC
529,530,Anonymous,France,Men,50-54,06:40:35,MCC
530,531,Sabine ROBIN,France,Women,20-34,06:41:06,MCC
531,532,Mathilde GARCIA-LOPEZ,France,Women,20-34,06:41:18,MCC
532,532,Wandrille DE CARRERE,France,Men,20-34,06:41:18,MCC
533,534,Bruno LEYENDECKER,Germany,Men,45-49,06:41:20,MCC
534,535,Dorian TREBOUX,France,Men,20-34,06:41:28,MCC
535,536,Nicolas ROLLAND,France,Men,20-34,06:41:35,MCC
536,537,Amandine LIGEON,France,Women,20-34,06:41:44,MCC
537,538,Emilien BUINOUD,France,Men,20-34,06:42:01,MCC
538,539,Morgane MATTEL,France,Women,35-39,06:42:10,MCC
539,540,Cyrielle BRETTON,France,Women,20-34,06:42:37,MCC
540,541,Lucie CLEMENT,France,Women,45-49,06:42:41,MCC
541,542,Stanislas GRUAU,France,Men,35-39,06:42:48,MCC
542,543,Marine LORPHELIN,France,Women,20-34,06:42:50,MCC
543,544,Tof ALASSEUR,France,Men,45-49,06:42:56,MCC
544,545,Lea MARTINET,France,Women,20-34,06:43:00,MCC
545,546,Pierre BOIVIN,France,Men,20-34,06:43:14,MCC
546,547,Michael BASSELIN,France,Men,20-34,06:43:17,MCC
547,548,Alexandre JANIN,France,Men,35-39,06:43:18,MCC
548,548,Barbara BERTRAND,France,Women,35-39,06:43:18,MCC
549,550,Antoine DOGUET,France,Men,20-34,06:43:30,MCC
550,551,Mathilde LE COVEC,France,Women,35-39,06:43:35,MCC
551,552,Edward BALLSDON,United Kingdom,Men,55-59,06:43:45,MCC
552,553,Marion MOLHO,France,Women,35-39,06:43:46,MCC
553,554,Jérémy DI BARTOLO,France,Men,40-44,06:44:27,MCC
554,555,Chloé ROUEN,France,Women,35-39,06:44:38,MCC
555,556,Philippe AVERSENG,France,Men,55-59,06:44:39,MCC
556,557,Matteo BRAMANI,Italy,Men,20-34,06:45:08,MCC
557,558,Johan LEVAVASSEUR,France,Men,45-49,06:45:14,MCC
558,559,Romane LEMIÈRE,France,Women,20-34,06:45:46,MCC
559,560,Stéphane CHEREAU,France,Men,50-54,06:46:04,MCC
560,561,Stéphane LEVALLOIS,France,Men,50-54,06:46:13,MCC
561,561,Margaux LEYDIER,France,Women,20-34,06:46:13,MCC
562,563,Thomas CYKANA,United States of america,Men,35-39,06:46:24,MCC
563,564,Thomas CHAPET,France,Men,20-34,06:46:33,MCC
564,565,Valentin MEYNET,France,Men,20-34,06:46:35,MCC
565,566,Emmanuelle ALBRIEUX,France,Women,60-64,06:46:40,MCC
566,567,Aurore THOMAS,France,Women,20-34,06:46:50,MCC
567,568,Camille SAETTEL,France,Women,40-44,06:46:57,MCC
568,569,Adrien HOMINAL,France,Men,20-34,06:47:13,MCC
569,570,Laurent CHASSIN,France,Men,55-59,06:47:27,MCC
570,571,Gérald MATTEL,France,Men,20-34,06:47:57,MCC
571,572,David BOREY,France,Men,50-54,06:47:58,MCC
572,573,Joelle THIBAUT,France,Women,60-64,06:48:17,MCC
573,574,Patrick BOUCHARD,France,Men,65-69,06:48:21,MCC
574,575,Anonymous,France,Men,40-44,06:48:42,MCC
575,576,Delphine THEVENOT,France,Women,40-44,06:48:45,MCC
576,576,Ann DONZEL,France,Women,45-49,06:48:45,MCC
577,578,Arthur BLUM,France,Men,20-34,06:48:49,MCC
578,579,Julien DONZEL,France,Men,50-54,06:48:50,MCC
579,580,Emma ROUGERON,France,Women,20-34,06:48:57,MCC
580,581,Lucie GAUTHIER,France,Women,20-34,06:49:52,MCC
581,582,Nicolas REPPELIN,France,Men,50-54,06:49:56,MCC
582,583,Arnaud LAVILLE,France,Men,60-64,06:50:04,MCC
583,584,Soonshin KA,South Korea,Men,45-49,06:50:08,MCC
584,585,Lucie MARTIN,France,Women,20-34,06:50:09,MCC
585,586,Romina COSTAZ,Italy,Women,40-44,06:50:26,MCC
586,587,Nicolas BERTHET,France,Men,60-64,06:50:34,MCC
587,588,Renald COULON,France,Men,40-44,06:50:36,MCC
588,589,Christopher LAI,France,Men,35-39,06:50:44,MCC
589,590,Sandrine ALLEGRINI-BOURDET,France,Women,50-54,06:50:46,MCC
590,590,Amandine CRUCIFIX,France,Women,20-34,06:50:46,MCC
591,592,Damien LATZ,France,Men,40-44,06:50:53,MCC
592,593,Eloïse PERRIN,France,Women,20-34,06:50:59,MCC
593,594,Claire BERTHELOT,France,Women,20-34,06:51:21,MCC
594,595,Emmanuelle ROTA,France,Women,50-54,06:51:26,MCC
595,596,Thomas JEANDEL,France,Men,45-49,06:51:37,MCC
596,596,Suzie MARACHET,France,Women,20-34,06:51:37,MCC
597,598,Damien BEAUGE,France,Men,20-34,06:51:52,MCC
598,599,Diane LABROUCHE,France,Women,20-34,06:52:18,MCC
599,600,Nicolas PARENT,France,Men,40-44,06:52:22,MCC
600,601,Xavier ROSEREN,France,Men,55-59,06:52:37,MCC
601,602,Gillon CAMPBELL,United Kingdom,Men,50-54,06:53:00,MCC
602,602,Gavin FOSTER MULGREW,United Kingdom,Men,45-49,06:53:00,MCC
603,604,Edouard FERRAN,France,Men,35-39,06:53:03,MCC
604,605,Lucas PUJOL,France,Men,20-34,06:53:06,MCC
605,606,Enzo RIO,France,Men,20-34,06:53:11,MCC
606,607,Lise PUIGSERVER,France,Women,20-34,06:53:12,MCC
607,608,Rémi CARROT,France,Men,20-34,06:53:15,MCC
608,609,Silvia BONALUMI,Italy,Women,50-54,06:53:48,MCC
609,610,Jean-François CORDIER,France,Men,50-54,06:54:30,MCC
610,611,Thierry BOUVET,France,Men,50-54,06:54:54,MCC
611,612,Marine RIFF,France,Women,20-34,06:55:01,MCC
612,613,Loïc BLONDIN,France,Men,20-34,06:55:05,MCC
613,614,Hannah PAINE,United Kingdom,Women,20-34,06:55:27,MCC
614,615,Malo SAHORES,France,Men,20-34,06:55:29,MCC
615,616,Marine SIMOND,France,Women,20-34,06:55:37,MCC
616,617,Stéphane SIMON,France,Men,60-64,06:55:46,MCC
617,618,Solène CROUTE,France,Women,20-34,06:55:54,MCC
618,619,Karin WEFALD,United States of america,Women,20-34,06:55:58,MCC
619,620,Meziane BARDOUNI,France,Men,20-34,06:56:02,MCC
620,621,Jongmin JUNG,South Korea,Men,35-39,06:56:21,MCC
621,622,Maxime LEFEBVRE,France,Men,20-34,06:56:29,MCC
622,623,Florian PLAISANCE,France,Men,35-39,06:57:48,MCC
623,624,Robin TASSAERT,France,Men,20-34,06:58:07,MCC
624,624,Agathe VITTOZ,France,Women,20-34,06:58:07,MCC
625,626,Olli HYYPPA,Finland,Men,55-59,06:58:13,MCC
626,627,Frederic DAUL,France,Men,55-59,06:58:24,MCC
627,628,Lucie BRAUD,France,Women,20-34,06:58:53,MCC
628,629,Marion BERGERET,France,Women,35-39,06:58:54,MCC
629,630,Mégane SAGE,France,Women,20-34,06:58:57,MCC
630,631,Anthony FOURNIER,France,Men,35-39,06:59:19,MCC
631,632,Christophe BONNAZ,France,Men,55-59,06:59:45,MCC
632,633,Maxime RIO,France,Men,20-34,07:00:12,MCC
633,634,Nicolas POUPEE,France,Men,45-49,07:00:14,MCC
634,635,Coelho SARA,France,Women,20-34,07:00:15,MCC
635,636,Silvy LAPORTE,France,Women,55-59,07:00:17,MCC
636,637,Gautier LAURENT,France,Men,40-44,07:00:20,MCC
637,638,Celine DREVON,France,Women,45-49,07:00:43,MCC
638,639,Geoffroy CROSSET-PERROTIN,France,Men,35-39,07:00:50,MCC
639,640,Hugo AGUETTAZ,France,Men,20-34,07:00:53,MCC
640,640,Anonymous,France,Men,60-64,07:00:53,MCC
641,642,Julie LEVY,Ireland,Women,40-44,07:00:54,MCC
642,643,Jorgen BRYNNE,Sweden,Men,65-69,07:00:56,MCC
643,644,Romane VIALLET,France,Women,20-34,07:01:06,MCC
644,645,Hannah WEISSER,France,Women,35-39,07:01:11,MCC
645,646,Romeo GREGORIS,France,Men,35-39,07:01:25,MCC
646,647,Pauline MARIE,France,Women,20-34,07:01:26,MCC
647,648,Julien JACQUERIOZ,Switzerland,Men,40-44,07:01:31,MCC
648,649,Anne-Cecile FRANCOIS,France,Women,40-44,07:01:37,MCC
649,650,Sheridan STRIDE,United Kingdom,Women,45-49,07:01:46,MCC
650,651,Kamila ARNICANOVA,Czech Republic,Women,20-34,07:01:53,MCC
651,652,Aurélie JANSSENS GALY,France,Women,40-44,07:02:03,MCC
652,653,Inez ELPERS,Belgium,Women,35-39,07:02:27,MCC
653,654,Francois MARTIN,France,Men,20-34,07:02:32,MCC
654,655,Laura SORATO,Italy,Women,40-44,07:02:39,MCC
655,656,Laurence GANDNER,France,Women,50-54,07:02:42,MCC
656,657,Thierry ROUSSELET,France,Men,60-64,07:02:52,MCC
657,658,Stéphane COURNOL,France,Men,50-54,07:02:55,MCC
658,659,Julie ANZIVINO,France,Women,35-39,07:03:01,MCC
659,660,Frank LAGARDE,France,Men,60-64,07:03:05,MCC
660,661,Omrane DJERBI,France,Men,45-49,07:03:14,MCC
661,662,Fanny BOCAT,France,Women,35-39,07:03:21,MCC
662,663,Niall BOUZON,Spain,Men,40-44,07:03:48,MCC
663,664,Didier MICHEL,France,Men,60-64,07:03:52,MCC
664,665,Loïc COISNON,France,Men,65-69,07:03:57,MCC
665,666,Gregory OLIVIER,France,Men,40-44,07:04:23,MCC
666,667,Audrey ARRIVETX,France,Women,40-44,07:04:42,MCC
667,668,Alice BRAUN,France,Women,20-34,07:04:49,MCC
668,669,Sacha DEPRAZ DEPLAND,France,Men,20-34,07:04:51,MCC
669,670,Marc VILLA,France,Men,35-39,07:04:55,MCC
670,671,Charline VERMONT,France,Women,40-44,07:04:57,MCC
671,672,Benoît MOUNIER,France,Men,35-39,07:04:59,MCC
672,673,Alicia MORALES,France,Women,45-49,07:05:12,MCC
673,674,Dylan JUCHET,France,Men,20-34,07:05:33,MCC
674,675,Tristan PHILIPPE,France,Men,35-39,07:05:49,MCC
675,676,Anonymous,France,Men,65-69,07:06:05,MCC
676,677,Vincent VALLOTTON,Switzerland,Men,20-34,07:06:09,MCC
677,678,Oscar OLSEN,Sweden,Men,20-34,07:06:29,MCC
678,678,Síofra MURDOCH,Ireland,Women,20-34,07:06:29,MCC
679,680,Yannick BÉGUELIN,Switzerland,Men,35-39,07:06:33,MCC
680,681,Inès HIGUERA,France,Women,20-34,07:07:00,MCC
681,682,Stefan HERZ,Germany,Men,55-59,07:07:35,MCC
682,683,Amélie FREZOU,France,Women,20-34,07:07:44,MCC
683,684,Zachary MERMOUD ,France,Men,20-34,07:08:01,MCC
684,685,Anthony VIRRION,France,Men,35-39,07:09:09,MCC
685,686,Morgan GUERAULT,France,Men,20-34,07:09:16,MCC
686,687,Thomas THOLOZE,France,Men,20-34,07:09:32,MCC
687,688,Guillaume JANSSENS,France,Men,40-44,07:09:44,MCC
688,689,Marion MARTINEZ,France,Women,40-44,07:09:53,MCC
689,690,Suzan DOGAN,Belgium,Women,20-34,07:09:59,MCC
690,691,Carlotta MAGNAN,France,Women,20-34,07:10:07,MCC
691,692,Laurent THERVILLE,France,Men,45-49,07:10:15,MCC
692,693,Anais PONCET,France,Women,20-34,07:10:28,MCC
693,694,Emilie PEREZ,France,Women,20-34,07:10:41,MCC
694,695,Raphael TOUTAIN,France,Men,20-34,07:11:09,MCC
695,696,Cedric SINGELE,Switzerland,Men,60-64,07:11:36,MCC
696,697,Johanne LETERRIER,France,Women,20-34,07:12:36,MCC
697,698,Claude RIZET,France,Men,55-59,07:12:38,MCC
698,699,Nathalie ROUILLER,Switzerland,Women,35-39,07:12:51,MCC
699,700,Francois BLACHE,France,Men,45-49,07:12:56,MCC
700,701,Allyson CARDONA,France,Women,20-34,07:13:12,MCC
701,702,Fanny BRUNCHER,France,Women,20-34,07:13:18,MCC
702,703,Franck TERRIER,France,Men,50-54,07:13:23,MCC
703,704,Dany TORNAY,Switzerland,Men,40-44,07:14:22,MCC
704,704,Stéphanie TORNAY,Switzerland,Women,35-39,07:14:22,MCC
705,706,Léa CHARDON,France,Women,20-34,07:14:37,MCC
706,707,Léna PERRIAUX,France,Women,20-34,07:14:41,MCC
707,708,Lucas VALENZISI,France,Men,20-34,07:14:42,MCC
708,709,Thierry BOULEZ,France,Men,60-64,07:14:58,MCC
709,710,Estelle MOTHIE,France,Women,40-44,07:15:07,MCC
710,711,Robin ROLLAND,France,Men,20-34,07:15:12,MCC
711,712,Florian NIEDERGANG,France,Men,20-34,07:15:40,MCC
712,713,Lydie CARRET,France,Women,55-59,07:15:56,MCC
713,714,Julia HUTTEAU,France,Women,20-34,07:16:31,MCC
714,715,Joel LEONARDI,Italy,Men,35-39,07:17:28,MCC
715,716,Marine TACONET,France,Women,35-39,07:17:43,MCC
716,717,Maxime MARTINET,France,Men,20-34,07:17:47,MCC
717,718,Sarah VAN GUCHT,Switzerland,Women,50-54,07:18:12,MCC
718,719,Camille THOUZEAU,France,Women,20-34,07:18:23,MCC
719,720,Charlenne GIROUD,Switzerland,Women,45-49,07:18:44,MCC
720,721,Victoire FISSET,France,Women,20-34,07:18:59,MCC
721,722,Anne BRONNER,France,Women,45-49,07:19:11,MCC
722,723,Jean-Pierre GOTTELAND,France,Men,60-64,07:19:24,MCC
723,723,Jeremy GOTTELAND,France,Men,20-34,07:19:24,MCC
724,725,François AVANTURIER,France,Men,50-54,07:19:51,MCC
725,726,Juliette BALDASSARA,France,Women,20-34,07:20:11,MCC
726,727,Éric HERBAIN (Eric HERBAIN),France,Men,50-54,07:20:30,MCC
727,728,Ophélie LAFFUGE,France,Women,40-44,07:20:44,MCC
728,729,Cyrille CLARISSE,France,Men,45-49,07:20:51,MCC
729,730,Benoît-Pierre LIGOT,France,Men,35-39,07:20:52,MCC
730,730,Marina RIVERON,France,Women,35-39,07:20:52,MCC
731,732,Bruno BÉCHET,France,Men,60-64,07:21:04,MCC
732,733,Sophie MARTINOT,France,Women,45-49,07:21:41,MCC
733,734,Andrea SAPINET,Italy,Men,50-54,07:22:41,MCC
734,735,Sally WALKERMAN,United States of america,Women,40-44,07:23:04,MCC
735,736,Audrey LATTION,Switzerland,Women,20-34,07:23:05,MCC
736,737,Adrien BOTTOLLIER,France,Men,20-34,07:23:50,MCC
737,738,Anonymous,Switzerland,Men,55-59,07:24:16,MCC
738,738,Benjamin PONCET,Switzerland,Men,35-39,07:24:16,MCC
739,740,Julie DROMARD,France,Women,45-49,07:24:28,MCC
740,741,Sophie LAMBERT,France,Women,50-54,07:24:48,MCC
741,742,Nathalie LE LAY,France,Women,60-64,07:25:08,MCC
742,743,Léa LINCZOWSKI,France,Women,20-34,07:25:17,MCC
743,744,Raphaël NEBBULA,France,Men,20-34,07:25:24,MCC
744,745,Anonymous,France,Women,55-59,07:25:25,MCC
745,746,David GUESTRE,France,Men,45-49,07:25:40,MCC
746,747,Céline MARTIN,France,Women,40-44,07:25:51,MCC
747,748,Grégoire GIBAULT,France,Men,35-39,07:26:03,MCC
748,749,Manon BRIANCON,France,Women,20-34,07:26:24,MCC
749,750,Axel KOWALCZYK,France,Men,20-34,07:26:37,MCC
750,751,Andrea Tullio SCIARRETTA,Italy,Men,40-44,07:26:38,MCC
751,752,Margot BUCHHOLZ,France,Women,20-34,07:26:58,MCC
752,753,Clemence CHAMEL,France,Women,20-34,07:27:05,MCC
753,754,Maya PETROVA,Bulgaria,Women,50-54,07:27:23,MCC
754,755,Laura DELOMBRE,France,Women,20-34,07:27:41,MCC
755,756,Florence VARNEY,France,Women,20-34,07:28:04,MCC
756,757,Ted TOUSSAINT,Netherlands,Women,45-49,07:28:17,MCC
757,758,Maud-Kelly CRAPEAU,France,Women,20-34,07:28:25,MCC
758,759,Sebastien BON,France,Men,20-34,07:28:33,MCC
759,760,Augustin VAN RUYMBEKE,France,Men,20-34,07:28:35,MCC
760,761,Bruno LIPPENS,Switzerland,Men,50-54,07:28:55,MCC
761,762,Frédéric HAMELIN,Switzerland,Men,40-44,07:28:57,MCC
762,763,Marine ANTIC,France,Women,20-34,07:29:23,MCC
763,763,Fulvio ZEMOZ,Italy,Men,60-64,07:29:23,MCC
764,765,Anonymous,France,Men,35-39,07:29:25,MCC
765,766,Lydie RAILLARD,France,Women,35-39,07:29:44,MCC
766,767,Romain HEMERY,France,Men,40-44,07:30:40,MCC
767,768,Arthur COCAR,France,Men,35-39,07:30:44,MCC
768,769,Etienne WOUTERS,Belgium,Men,50-54,07:30:47,MCC
769,770,Rory Young,United Kingdom,Men,50-54,07:31:05,MCC
770,771,Thais FINZEL,France,Women,20-34,07:31:11,MCC
771,772,Jean Baptiste GOUALARD,France,Men,20-34,07:31:23,MCC
772,773,Charlène ROUGINAT,France,Women,20-34,07:31:39,MCC
773,774,Mattia SEGRE,Italy,Men,20-34,07:31:45,MCC
774,775,Arnaud CHASSINAT,France,Men,45-49,07:32:02,MCC
775,776,Adeline ZUSSY,France,Women,40-44,07:32:16,MCC
776,777,Titouan ABGRALL,France,Men,20-34,07:32:32,MCC
777,778,Erin PASHLEY,United States of america,Women,45-49,07:32:47,MCC
778,779,Jillian TOUSSAINT,United States of america,Women,40-44,07:32:48,MCC
779,780,Alice GAVET,France,Women,40-44,07:33:12,MCC
780,781,Anonymous,France,Women,20-34,07:33:50,MCC
781,782,Serge VANDERBREETSTRAETEN,United States of america,Men,60-64,07:33:59,MCC
782,783,Mateo OLLES,France,Men,20-34,07:34:01,MCC
783,784,Raphaël WITTWER,Switzerland,Men,45-49,07:34:15,MCC
784,785,Alyson DELOISON,France,Women,20-34,07:34:17,MCC
785,786,Stéphane LUCAS,France,Men,55-59,07:34:45,MCC
786,787,Amélie REVERCHON,France,Women,20-34,07:35:17,MCC
787,788,Kamel OUALI,France,Men,45-49,07:35:59,MCC
788,789,Benoit POUPIN,France,Men,35-39,07:36:26,MCC
789,790,Adrien FARQUET,Switzerland,Men,20-34,07:36:31,MCC
790,790,Julien BONNIERE,France,Men,35-39,07:36:31,MCC
791,792,Candice VAILLANT,France,Women,20-34,07:36:38,MCC
792,793,Cyril BREGOU,France,Men,50-54,07:37:23,MCC
793,794,Anthony GRANGER,France,Men,35-39,07:37:34,MCC
794,795,Celine CASSARINO,France,Women,50-54,07:38:00,MCC
795,795,Xavier NICOLAS,France,Men,50-54,07:38:00,MCC
796,797,Sylvie BECHET,France,Women,60-64,07:38:02,MCC
797,797,Lucy PRICE,United Kingdom,Women,20-34,07:38:02,MCC
798,799,Benjamin ROGER,France,Men,35-39,07:38:15,MCC
799,800,Julie MERTENS,Belgium,Women,50-54,07:38:18,MCC
800,801,Emmanuelle CHEVALLET,France,Women,50-54,07:38:29,MCC
801,802,Christophe DEFORET,France,Men,55-59,07:38:31,MCC
802,802,Mickael PHLIPPOTEAU,France,Men,40-44,07:38:31,MCC
803,804,Siyu YU,China,Women,20-34,07:38:42,MCC
804,805,André WOZNIAK,France,Men,60-64,07:38:47,MCC
805,806,Laurent REBSTOCK,France,Men,45-49,07:39:21,MCC
806,807,Clemence BERTRAND,France,Women,20-34,07:39:46,MCC
807,808,Anais LUGON-MOULIN,France,Women,20-34,07:39:50,MCC
808,809,Pauline DAVAL,France,Women,20-34,07:39:57,MCC
809,810,Andrea CAPPELLARO,Italy,Men,60-64,07:40:11,MCC
810,811,Eva DE FOUCAUCOURT,France,Women,20-34,07:40:20,MCC
811,812,Alice LAMEYRE,France,Women,20-34,07:40:21,MCC
812,813,Raul VENCES PARADELA,Spain,Men,35-39,07:40:38,MCC
813,814,Etienne KLEIN,France,Men,65-69,07:40:50,MCC
814,815,Maxime MULLIER,France,Men,20-34,07:40:57,MCC
815,816,Isabelle CARENCO,France,Women,50-54,07:41:16,MCC
816,817,Andrea BASSIGNANA,Italy,Men,55-59,07:41:20,MCC
817,818,Olivier RIO,France,Men,50-54,07:41:23,MCC
818,818,Valerie RIO,France,Women,50-54,07:41:23,MCC
819,820,Léon SCHAER,Switzerland,Men,20-34,07:41:26,MCC
820,821,Colin FUNTEN,France,Men,20-34,07:41:30,MCC
821,822,Géraldine JUGE,Switzerland,Women,35-39,07:42:03,MCC
822,823,Michel SICOLI,France,Men,45-49,07:42:53,MCC
823,824,Cynthia CASSI SMITH,Switzerland,Women,45-49,07:43:00,MCC
824,825,Philippe ALVAREZ,Switzerland,Men,50-54,07:43:01,MCC
825,826,Samantha MORTON,United Kingdom,Women,50-54,07:43:16,MCC
826,827,Renaud TARTANSON,France,Men,50-54,07:43:23,MCC
827,828,Anonymous,Ireland,Women,55-59,07:43:48,MCC
828,829,Philippe CAILLAT,France,Men,55-59,07:43:58,MCC
829,830,Clémentine CAILLAT,France,Women,20-34,07:43:59,MCC
830,831,Photine ARNOUX,France,Women,20-34,07:44:02,MCC
831,831,Rebecca CHASTNEY,United Kingdom,Women,20-34,07:44:02,MCC
832,833,Richard PLANTIVE,Canada,Men,55-59,07:44:19,MCC
833,834,Richard BENTLEY,Switzerland,Men,55-59,07:44:20,MCC
834,835,Laure HERBAUX,France,Women,45-49,07:44:21,MCC
835,836,Benjamin SAVOYE,France,Men,20-34,07:44:38,MCC
836,837,Hervé SAVOYE,France,Men,55-59,07:44:40,MCC
837,838,Marc COUTURE,Canada,Men,60-64,07:44:46,MCC
838,839,Camille COUTURE,Canada,Women,20-34,07:44:47,MCC
839,840,Emily FULCRAND,France,Women,40-44,07:44:53,MCC
840,841,Charles DE GINESTET,France,Men,40-44,07:44:54,MCC
841,841,Julie FULCRAND LONS,France,Women,40-44,07:44:54,MCC
842,841,Adrien LONS,France,Men,35-39,07:44:54,MCC
843,844,Clement GLESS,Bahamas,Men,35-39,07:44:55,MCC
844,845,Julie CORTINOVIS,France,Women,45-49,07:45:00,MCC
845,846,Mehdi HADJ SLIMANE,France,Men,20-34,07:45:24,MCC
846,847,Quentin LANGEOIS,France,Men,35-39,07:46:01,MCC
847,848,Romain ELMERICH,France,Men,20-34,07:46:02,MCC
848,849,Matthieu DIMPRE,France,Men,50-54,07:46:03,MCC
849,850,Savanah BOURDOULOUS,France,Women,20-34,07:46:27,MCC
850,851,Marie-Pierre RIZET,France,Women,50-54,07:46:28,MCC
851,852,Matheo GOTTI,France,Men,20-34,07:46:35,MCC
852,853,Pauline SPIRE,France,Women,35-39,07:46:55,MCC
853,854,Océane PIGNAT,Switzerland,Women,20-34,07:46:56,MCC
854,855,Antonio-Alberto DE ALMEIDA,France,Men,45-49,07:46:58,MCC
855,856,Manon FASEL,Switzerland,Women,20-34,07:46:59,MCC
856,856,Patrice LOVEY,Switzerland,Men,50-54,07:46:59,MCC
857,858,Margaux BURNET,France,Women,20-34,07:47:01,MCC
858,859,Anonymous,France,Women,35-39,07:47:28,MCC
859,859,Anonymous,France,Men,35-39,07:47:28,MCC
860,861,Camille RAULT,France,Women,20-34,07:48:17,MCC
861,862,Benjamin BERTON,France,Men,40-44,07:48:37,MCC
862,863,Laurent PRUVOST,France,Men,55-59,07:48:58,MCC
863,864,Roland HIGUERA,France,Men,50-54,07:49:23,MCC
864,865,Anaëlle LE LOARER COUPRIE,France,Women,20-34,07:49:35,MCC
865,866,Antoine GANDNER,France,Men,65-69,07:49:36,MCC
866,867,Penelope ADKINS,United Kingdom,Women,55-59,07:49:37,MCC
867,868,Yann MOREL,France,Men,20-34,07:50:06,MCC
868,869,Elaine SMITH,United Kingdom,Women,55-59,07:50:16,MCC
869,870,Laure POLLIAND,France,Women,20-34,07:50:45,MCC
870,871,Yann HUIBAN,France,Men,45-49,07:50:47,MCC
871,872,Yasmine MURISIER,Switzerland,Women,50-54,07:50:51,MCC
872,873,Rose-Marie HUBERT,Switzerland,Women,50-54,07:50:52,MCC
873,873,Benoit MURISIER,Switzerland,Men,50-54,07:50:52,MCC
874,875,Jannick FOREST,France,Women,55-59,07:51:02,MCC
875,876,Olivier BANTIGNIES,France,Men,50-54,07:51:08,MCC
876,877,Jérémy RAFFIN,France,Men,35-39,07:51:21,MCC
877,878,Nicolas FIEVEZ,France,Men,65-69,07:51:34,MCC
878,879,Nicolas REGNIER,France,Men,20-34,07:51:35,MCC
879,880,Sandra HILDEBRANDT,Switzerland,Women,20-34,07:51:45,MCC
880,881,Marie-Alix BAL DIT SOLLIER,France,Women,20-34,07:51:52,MCC
881,882,Romain VIODE,France,Men,35-39,07:51:56,MCC
882,883,Laurent CHECKO,France,Men,45-49,07:52:01,MCC
883,884,Laurence BROCCHETTO,France,Women,55-59,07:52:42,MCC
884,885,Florin CARNET,France,Men,20-34,07:52:56,MCC
885,886,Adeline PERRISSIN-FABERT,France,Women,45-49,07:52:59,MCC
886,887,Jean-Philippe DEMAEL,France,Men,55-59,07:53:02,MCC
887,887,Amaël FROSSARD,Switzerland,Men,20-34,07:53:02,MCC
888,889,Maggie DEMPSEY,United Kingdom,Women,40-44,07:53:05,MCC
889,890,Cesar PERRIN,France,Men,35-39,07:53:32,MCC
890,891,Yannick CRETTENAND,Switzerland,Men,40-44,07:53:39,MCC
891,892,Patrick JACOB,France,Men,65-69,07:53:55,MCC
892,893,Christian LUY,Switzerland,Men,50-54,07:53:56,MCC
893,894,Sandra LARDY,France,Women,50-54,07:53:58,MCC
894,895,Jade HAMER,United Kingdom,Women,20-34,07:54:04,MCC
895,896,Marie BERANGER,Canada,Women,35-39,07:54:44,MCC
896,897,Alice SIMONELLI,Italy,Women,20-34,07:54:48,MCC
897,898,Stephanie ROSSET PROVENT,France,Women,40-44,07:55:06,MCC
898,899,Sophie THOMAS,France,Women,40-44,07:55:50,MCC
899,900,Cécile KAHN,France,Women,45-49,07:55:57,MCC
900,900,Clara VAUTROT,France,Women,20-34,07:55:57,MCC
901,902,Elise FIGEAC,France,Women,20-34,07:56:06,MCC
902,903,Julien LALANDE,France,Men,50-54,07:56:23,MCC
903,904,Anaïs PUIGSERVER,France,Women,20-34,07:56:25,MCC
904,905,Thylane CHAUSSIN,France,Women,20-34,07:56:35,MCC
905,906,Camille VALENTIN,France,Men,20-34,07:57:13,MCC
906,907,Mathieu THERISOD,Italy,Men,45-49,07:57:17,MCC
907,908,Aurélie EDMOND,France,Women,40-44,07:57:46,MCC
908,909,Denis BOUSSAERT,France,Men,65-69,07:57:53,MCC
909,910,Damien SIDOUX,France,Men,40-44,07:57:57,MCC
910,910,Herve BULABOIS,France,Men,55-59,07:57:57,MCC
911,912,Catherine BESSON,France,Women,55-59,07:58:33,MCC
912,913,Guilhem MENARD,France,Men,45-49,07:58:48,MCC
913,914,Anna BACHMANN,France,Women,20-34,07:59:15,MCC
914,915,Pierre DEROGNAT,France,Men,20-34,07:59:24,MCC
915,915,Alix MOGGIA,France,Women,40-44,07:59:24,MCC
916,917,Nicolas DUMONT,France,Men,50-54,07:59:44,MCC
917,918,Christophe BOCHATON,France,Men,50-54,07:59:55,MCC
918,919,Anonymous,France,Men,60-64,08:00:05,MCC
919,920,Nathan COOPER,United States of america,Men,40-44,08:00:31,MCC
920,920,Justin OSTREM,United States of america,Men,20-34,08:00:31,MCC
921,922,Benoit TRAHY,France,Men,20-34,08:01:23,MCC
922,923,Isaline CAPPI,Switzerland,Women,20-34,08:01:40,MCC
923,924,Alain NICOLAS,France,Men,60-64,08:01:57,MCC
924,925,Anne VAN MIGOM,France,Women,50-54,08:02:02,MCC
925,926,Yaping ZHANG,China,Women,55-59,08:02:13,MCC
926,927,Yves MOTTIAUX,Belgium,Men,65-69,08:02:21,MCC
927,928,Cedric BIRCHLER,Switzerland,Men,45-49,08:02:47,MCC
928,929,Alessandro APRILE,Italy,Men,45-49,08:02:49,MCC
929,930,Sukjoo LEE,South Korea,Men,45-49,08:02:51,MCC
930,931,Niamh OWEN,France,Women,20-34,08:02:54,MCC
931,932,Gaël COTTINEAU,France,Men,40-44,08:03:16,MCC
932,933,Léa GALOPIN,France,Women,20-34,08:04:20,MCC
933,934,Elodie BOSQUART,France,Women,40-44,08:04:32,MCC
934,935,Cyril DELEMAZURE,France,Men,55-59,08:04:35,MCC
935,936,Sylvie LEROUX,France,Women,50-54,08:04:43,MCC
936,937,Lauriane RAT-TUDAL,France,Women,35-39,08:04:59,MCC
937,938,Estelle PHLIPPOTEAU,France,Women,35-39,08:05:26,MCC
938,939,Karen PHLIPPOTEAU,France,Women,35-39,08:05:27,MCC
939,940,Aurélie FAURE,France,Women,40-44,08:05:53,MCC
940,941,Fabienne LARROUMETS,France,Women,45-49,08:05:54,MCC
941,942,Louis GARDET,France,Men,20-34,08:06:11,MCC
942,943,Victor GOY,France,Men,20-34,08:06:35,MCC
943,944,Tommaso MINI,Italy,Men,60-64,08:06:39,MCC
944,945,Cindy GAVARD,France,Women,40-44,08:06:47,MCC
945,946,Kelly BETTAN,France,Women,20-34,08:06:51,MCC
946,947,Glenn BLACKWOOD,Australia,Men,55-59,08:08:00,MCC
947,948,Sophie FORT,Switzerland,Women,55-59,08:08:30,MCC
948,949,Johnny MABILLARD,Switzerland,Men,60-64,08:08:33,MCC
949,950,Anonymous,Switzerland,Men,70-74,08:08:50,MCC
950,951,Yann TSCHUMI,France,Men,50-54,08:08:54,MCC
951,952,Amandine COMBRES,France,Women,20-34,08:08:58,MCC
952,953,Vincent VANDEVELDE,Belgium,Men,50-54,08:09:17,MCC
953,953,Timéon CHANTRAINE,Belgium,Men,20-34,08:09:17,MCC
954,955,Mathilde PROCHÉ,France,Women,20-34,08:09:18,MCC
955,956,Anthony VERLAINE,France,Men,40-44,08:09:47,MCC
956,957,Marie-Claire GAY-DES-COMBES,Switzerland,Women,60-64,08:10:22,MCC
957,958,Alice GAUTHIER,France,Women,20-34,08:10:34,MCC
958,959,Alexandra GONTIER,France,Women,45-49,08:10:43,MCC
959,960,Sophie HUMBERT,France,Women,45-49,08:10:45,MCC
960,961,A Sofia GOUMAS,France,Women,50-54,08:11:31,MCC
961,962,Marie VERBEKE,France,Women,20-34,08:12:01,MCC
962,962,Clélia LEMAITRE,France,Women,20-34,08:12:01,MCC
963,964,Joanna GONIAUX,France,Women,20-34,08:12:24,MCC
964,965,Alice BOURGEOIS,Canada,Women,20-34,08:12:38,MCC
965,966,Damien TARRIO,France,Men,35-39,08:12:49,MCC
966,967,Maryline BULABOIS,France,Women,50-54,08:12:53,MCC
967,967,Justine JEANMAIRET,France,Women,20-34,08:12:53,MCC
968,969,Rob MATHER,United Kingdom,Men,60-64,08:13:16,MCC
969,970,Alain CAJEUX,Switzerland,Men,50-54,08:13:41,MCC
970,971,Martin BOUTRU,France,Men,40-44,08:13:57,MCC
971,972,Olivier AUGENDRE,France,Men,60-64,08:14:05,MCC
972,973,Michael MARZUCCHETTI,France,Men,20-34,08:15:04,MCC
973,974,Marta PIZZUL,Italy,Women,20-34,08:15:27,MCC
974,975,Virginia CAPIRONE,Italy,Women,20-34,08:15:28,MCC
975,976,Teiva TSCHAN,France,Men,50-54,08:16:07,MCC
976,977,Xavier MOREAU,France,Men,55-59,08:16:18,MCC
977,978,Vincent LANOISELÉE,France,Men,20-34,08:16:48,MCC
978,979,Laurent HERMANS,Belgium,Men,60-64,08:17:03,MCC
979,980,Fiona THWAITES,United States of america,Women,50-54,08:17:22,MCC
980,981,Daniela SIRIGU,Italy,Women,60-64,08:17:55,MCC
981,982,Clement DEMONCHY,France,Men,20-34,08:18:06,MCC
982,983,Lilian CÁNOVAS,Mexico,Women,20-34,08:18:08,MCC
983,984,Steven PHAN,France,Men,20-34,08:18:11,MCC
984,985,Huy-Viet NGUYEN,France,Men,50-54,08:18:36,MCC
985,986,Laure CLÉMENT,France,Women,20-34,08:18:43,MCC
986,987,Fabrice MAGLIERI,France,Men,50-54,08:19:09,MCC
987,988,Claire WILSON,United Kingdom,Women,20-34,08:20:06,MCC
988,988,Cindy CLARKE,United States of america,Women,50-54,08:20:06,MCC
989,990,Simon MERCIER,France,Men,20-34,08:20:08,MCC
990,991,Candy MENARD,France,Women,45-49,08:20:43,MCC
991,992,Cristel CHAUSSIN,France,Women,55-59,08:20:57,MCC
992,993,Rafael MIRANDA,Brazil,Men,45-49,08:21:35,MCC
993,994,Norman ANTOINAT,France,Men,35-39,08:21:59,MCC
994,995,Thomas BOISSEAU,France,Men,20-34,08:22:02,MCC
995,996,Daniela JAPPELLI,Italy,Women,55-59,08:22:39,MCC
996,997,Caroline VERDILLON,France,Women,20-34,08:23:18,MCC
997,998,Florian CRESPEL,France,Men,45-49,08:24:20,MCC
998,999,Denis ROMAIN (Romain DENIS),France,Men,40-44,08:24:29,MCC
999,1000,Steve MORT,France,Men,35-39,08:25:38,MCC
1000,1001,Anonymous,France,Women,45-49,08:25:56,MCC
1001,1001,Anonymous,France,Men,60-64,08:25:56,MCC
1002,1003,Silvia BROCCALI,Italy,Women,50-54,08:26:39,MCC
1003,1004,Arnaud SALSON,France,Men,20-34,08:26:48,MCC
1004,1005,Severine DUFRENE,France,Women,45-49,08:27:13,MCC
1005,1006,Anne-Sophie CROUZET,France,Women,45-49,08:27:55,MCC
1006,1007,Margaux KIEHL,France,Women,35-39,08:27:57,MCC
1007,1008,Clement LOUVIER,France,Men,20-34,08:28:38,MCC
1008,1009,Xavier LEBLOND,France,Men,40-44,08:29:01,MCC
1009,1010,Tina CHASTNEY,United Kingdom,Women,50-54,08:29:18,MCC
1010,1011,Camille LEBLOND,France,Men,20-34,08:30:04,MCC
1011,1012,Jacques KIEFFER,Switzerland,Men,50-54,08:30:18,MCC
1012,1013,Alain SIMONOT,France,Men,70-74,08:30:32,MCC
1013,1014,Rachel ROMAND,France,Women,55-59,08:30:36,MCC
1014,1015,Albert KESTEMONT,Belgium,Men,60-64,08:30:44,MCC
1015,1016,Christine ANTOINE,Belgium,Women,50-54,08:31:36,MCC
1016,1017,David MICHEL,France,Men,45-49,08:32:04,MCC
1017,1018,Bruno LEUENBERGER,Switzerland,Men,45-49,08:32:32,MCC
1018,1019,Julie AZAMBRE,France,Women,50-54,08:32:38,MCC
1019,1020,Antonela CASTILLO,Argentina,Women,20-34,08:34:34,MCC
1020,1021,Giovanna CUCCHIERI,Italy,Women,55-59,08:34:45,MCC
1021,1021,Didier SIMONIN,France,Men,60-64,08:34:45,MCC
1022,1023,Anne-Claire PINIER,France,Women,50-54,08:35:02,MCC
1023,1024,Roland FLORENTZ,France,Men,75-79,08:35:47,MCC
1024,1024,Bruno CHAMEL,France,Men,55-59,08:35:47,MCC
1025,1026,Frederic CHAMBON,France,Men,45-49,08:35:48,MCC
1026,1027,Chiara ROSSET,Italy,Women,20-34,08:36:32,MCC
1027,1027,Alberto UBIALI,Italy,Men,60-64,08:36:32,MCC
1028,1029,Stéphanie GUZZO,Switzerland,Women,35-39,08:36:55,MCC
1029,1030,Will TOMLINSON,United States of america,Men,60-64,08:37:28,MCC
1030,1031,Dimitri SAINT-VITEUX,France,Men,40-44,08:37:29,MCC
1031,1032,Mélanie BOISSET,France,Women,20-34,08:37:46,MCC
1032,1033,Sarah-Julie JACQUEMIN,France,Women,20-34,08:37:50,MCC
1033,1034,Elise GEOFFRAY,France,Women,35-39,08:37:53,MCC
1034,1035,Virginie DOUSSE,Switzerland,Women,35-39,08:38:11,MCC
1035,1036,Alexandre LUCIANI,France,Men,45-49,08:38:38,MCC
1036,1037,Emmanuel CALFAYAN,France,Men,45-49,08:38:39,MCC
1037,1037,Lauriane TATOUT,France,Women,20-34,08:38:39,MCC
1038,1039,Thierry MEYER,France,Men,55-59,08:38:55,MCC
1039,1040,Stephane SURREL,France,Men,50-54,08:40:09,MCC
1040,1040,Yoann COMTE,France,Men,40-44,08:40:09,MCC
1041,1042,Stefano CIANCI,Italy,Men,35-39,08:41:39,MCC
1042,1043,Maria PETIT VECINO,Spain,Women,20-34,08:42:23,MCC
1043,1044,Frédéric PINAULT,France,Men,55-59,08:44:00,MCC
1044,1045,Sylvie HOLZSCHERER,France,Women,40-44,08:44:02,MCC
1045,1046,Laura BORELLA,Italy,Women,60-64,08:44:13,MCC
1046,1047,Pauline HENRY,France,Women,20-34,08:44:39,MCC
1047,1048,Aurélia VILLOTTE,France,Women,50-54,08:44:59,MCC
1048,1049,Giuseppe VIETRI,Italy,Men,55-59,08:45:17,MCC
1049,1050,Loan VAN GELE,France,Men,20-34,08:45:26,MCC
1050,1051,Qiang LUO,China,Men,35-39,08:47:47,MCC
1051,1052,Jonne DAVIDSSON,Finland,Men,45-49,08:47:55,MCC
1052,1053,Na SUN,China,Women,45-49,08:48:04,MCC
1053,1054,Stéphane BUXERAUD,France,Men,50-54,08:49:31,MCC
1054,1055,Benjamin ALBUISSON,France,Men,35-39,08:49:52,MCC
1055,1056,Gaelle BOUCHER,France,Women,55-59,08:50:01,MCC
1056,1057,Ionut PETCU,Romania,Men,40-44,08:50:34,MCC
1057,1058,Stéphanie FUSSI,France,Women,40-44,08:50:42,MCC
1058,1059,Stéphane HOLZSCHERER,France,Men,50-54,08:51:53,MCC
1059,1060,Samuel MAX,France,Men,20-34,08:53:05,MCC
1060,1061,Ashbina NICOLAS,Philippines,Women,20-34,08:53:06,MCC
1061,1062,Louise BERGUERAND,France,Women,20-34,08:53:25,MCC
1062,1063,Juliette NEUVILLE,France,Women,20-34,08:53:26,MCC
1063,1064,Romain BIALET,France,Men,35-39,08:54:09,MCC
1064,1065,Francois MARTI,Switzerland,Men,55-59,08:54:43,MCC
1065,1066,BAPTISTE NORMAND,France,Men,20-34,08:54:45,MCC
1066,1067,Olivier HUTTEAU,France,Men,60-64,08:54:50,MCC
1067,1068,Catherine AUDOUIT,France,Women,65-69,08:55:01,MCC
1068,1069,Claire RIEU-LEVAVASSEUR,France,Women,45-49,08:55:04,MCC
1069,1070,Carmelo LOMBARDO,Switzerland,Men,55-59,08:55:07,MCC
1070,1071,Nicolas COULON,France,Men,45-49,08:55:12,MCC
1071,1072,Aurore ALLOIX,France,Women,35-39,08:56:42,MCC
1072,1073,Thomas BARBIER,France,Men,50-54,08:56:50,MCC
1073,1074,Alexandre CREPET,France,Men,45-49,08:56:59,MCC
1074,1075,Blandine GRISVARD,France,Women,20-34,08:57:30,MCC
1075,1076,Bernard GUESTIN,France,Men,55-59,08:58:17,MCC
1076,1077,Cathy CLAEYS,France,Women,55-59,08:58:19,MCC
1077,1078,Mathilde LEFORT,France,Women,35-39,08:58:50,MCC
1078,1079,Mathilde SOCQUET-CLERC,France,Women,20-34,09:00:01,MCC
1079,1080,Jonathan SEAL,United Kingdom,Men,50-54,09:03:46,MCC
1080,1081,Karine DELEMAZURE,France,Women,50-54,09:07:47,MCC
1081,1081,Gabriel KAISER,France,Men,20-34,09:07:47,MCC
1082,1083,Anonymous,France,Women,45-49,09:08:21,MCC
1083,1084,Le ZHANG,China,Men,45-49,09:08:31,MCC
1084,1085,Veronique BONNEL,France,Women,60-64,09:08:55,MCC
1085,1086,Laure DEBRABANT,France,Women,40-44,09:08:58,MCC
1086,1087,Amélie CUAZ GIRARD,France,Women,35-39,09:10:06,MCC
1087,1088,Magaly MOULIN,Switzerland,Women,20-34,09:12:29,MCC
1088,1089,Nicolas GAUTHIER,France,Men,45-49,09:12:35,MCC
1089,1090,Yann ILCINKAS,France,Men,40-44,09:12:58,MCC
1090,1091,Thierry GAZAGNES,France,Men,65-69,09:13:28,MCC
1091,1092,Philippe BONNEL,France,Men,60-64,09:13:33,MCC
1092,1093,Isabelle COTE-COLISSON,France,Women,60-64,09:13:50,MCC
1093,1094,Farah LABED,Belgium,Women,35-39,09:14:04,MCC
1094,1095,Emma DEPORTE,France,Women,20-34,09:14:41,MCC
1095,1096,Bernard MODELO,France,Men,65-69,09:14:54,MCC
1096,1097,Charline DECONIHOUT,France,Women,20-34,09:16:17,MCC
1097,1098,Christine SAINT-GENIS,France,Women,50-54,09:18:31,MCC
1098,1099,Didier TOURNEUX,France,Men,65-69,09:18:38,MCC
1099,1100,Bénédicte BOUDEN,France,Women,35-39,09:18:49,MCC
1100,1101,Patrick TISSIERES,Switzerland,Men,20-34,09:19:43,MCC
1101,1102,Florin GABOR,Canada,Men,45-49,09:22:09,MCC
1102,1103,Nicolas PETAY,France,Men,40-44,09:23:07,MCC
1103,1104,Marie-Sophie MODELO,France,Women,35-39,09:27:04,MCC
1104,1105,Alan PORTHAULT,France,Men,45-49,09:28:39,MCC
1105,1106,Samuel PORTHAULT,France,Men,20-34,09:28:40,MCC
1106,1107,Anonymous,France,Men,50-54,09:28:41,MCC
1107,1108,Christina OLSEN,Sweden,Women,55-59,09:29:38,MCC
1108,1109,Byungho (Peter) LEE,South Korea,Men,50-54,09:30:06,MCC
1109,1110,Claude BERTON,France,Men,65-69,09:31:07,MCC
1110,1111,Carmela BERNARDO,France,Women,45-49,09:31:20,MCC
1111,1112,Antar CHEBBAH,France,Men,45-49,09:33:36,MCC
1112,1113,Li Weil,China,Women,35-39,09:34:28,MCC
1113,1114,Danmo BIQIN,China,Men,40-44,09:34:40,MCC
1114,1115,Sandrine NAIL BILLAUD,France,Women,50-54,09:34:45,MCC
1115,1116,Yves PINAY,France,Men,65-69,09:35:03,MCC
1116,1117,Kevin LOUAT,France,Men,20-34,09:35:32,MCC
1117,1118,David AMBIEL,France,Men,45-49,09:35:36,MCC
1118,1119,Eric WALTER,France,Men,50-54,09:37:39,MCC
1119,1120,Franck COLIN,France,Men,55-59,09:37:40,MCC
1120,1121,Véronique JACQUIN,France,Women,50-54,09:39:47,MCC
1121,1122,Pierre STEPHAN,France,Men,65-69,09:42:09,MCC
1122,1123,Bertrand GUIDON,France,Men,80+,09:44:31,MCC
1123,1124,Arnaud DENGREMONT,France,Men,45-49,09:49:45,MCC
1124,1125,Mick Marshall,Australia,Men,55-59,10:21:47,MCC
1125,DNF,Frédéric VIGIER,France,Men,60-64,-,MCC
1126,DNF,Claire CASBOLT,France,Women,45-49,-,MCC
1127,DNF,Michael THIESMEYER,United States of america,Men,20-34,-,MCC
1128,DNF,Alexis GAL,France,Men,20-34,-,MCC
1129,DNF,Titouan HAAN,France,Men,20-34,-,MCC
1130,DNF,Marius SIMONEAU,France,Men,20-34,-,MCC
1131,DNF,Pierre LOPEZ,France,Men,20-34,-,MCC
1132,DNF,Pierre EVRARD,France,Men,20-34,-,MCC
1133,DNF,Alexandre DEL TACCA NADAUD,France,Men,20-34,-,MCC
1134,DNF,Cyril VARNEROT,France,Men,40-44,-,MCC
1135,DNF,Baptiste RUSTE,France,Men,20-34,-,MCC
1136,DNF,Gil VILAR,Spain,Men,20-34,-,MCC
1137,DNF,Laurent VAN GELE,France,Men,50-54,-,MCC
1138,DNF,Benjamin VOUILLOZ,Switzerland,Men,35-39,-,MCC
1139,DNF,Anonymous,France,Men,20-34,-,MCC
1140,DNF,Taylor CUVELIER,France,Men,35-39,-,MCC
1141,DNF,Cyril PELHATE,France,Men,20-34,-,MCC
1142,DNF,Antoine TERRAY,France,Men,60-64,-,MCC
1143,DNF,Arnaud MOTTET,France,Men,40-44,-,MCC
1144,DNF,Emily MOLLARD,France,Women,20-34,-,MCC
1145,DNF,Christophe MANSAY,France,Men,35-39,-,MCC
1146,DNF,Quentin FAVRE,Switzerland,Men,20-34,-,MCC
1147,DNF,Romain DENEAU,France,Men,35-39,-,MCC
1148,DNF,Thomas VIGIER,France,Men,20-34,-,MCC
1149,DNF,Lea THIBAUT,France,Women,20-34,-,MCC
1150,DNF,Jean-Philippe ALLAIRE,France,Men,60-64,-,MCC
1151,DNF,Mathis LANGLOIS,France,Men,20-34,-,MCC
1152,DNF,Dorian GAPIHAN,France,Men,20-34,-,MCC
1153,DNF,Jean-Pierre KAFTANDJIAN,France,Men,70-74,-,MCC
1154,DNF,Bernard FARSY,France,Men,70-74,-,MCC
1155,DNF,Cyrille ARFEUILLE,France,Men,45-49,-,MCC
1156,DNF,Sarah CHASTANG,France,Women,35-39,-,MCC
1157,DNF,Nathalie HUTTEAU,Belgium,Women,55-59,-,MCC
1158,DNF,Véronique RICHON,France,Women,60-64,-,MCC
1159,DNF,Jean-Paul RUEZ,France,Men,60-64,-,MCC
1160,DNF,Catherine GABEL,France,Women,60-64,-,MCC
1161,DNF,Raymond BAUDOIN,France,Men,75-79,-,MCC
1162,DNF,Sylvie RENGARD,France,Women,60-64,-,MCC
1163,DNF,Montois ALEXIS,France,Men,20-34,-,MCC
1164,DNF,Laurent DUPONT,France,Men,65-69,-,MCC
1165,DNF,Florence NAVET,France,Women,55-59,-,MCC
1166,DNF,Jacqueline RUDDLE,United Kingdom,Women,60-64,-,MCC
1167,DNF,Phelonise ROYER,France,Women,20-34,-,MCC
1168,DNF,Salimou DRAME,Guinea,Men,35-39,-,MCC
1169,DNF,Vanessa DESTOMBES,France,Women,20-34,-,MCC
1170,DNF,Marie JEGADO,France,Women,35-39,-,MCC
1171,DNF,Elodie JUSKO,France,Women,35-39,-,MCC
1172,DNF,Pascal QUINTAINE,France,Men,40-44,-,MCC
1173,DNF,Kwok Hang TSAU,"Hong Kong, China",Men,45-49,-,MCC
1174,DNF,Philippe HUILLET,France,Men,55-59,-,MCC
1175,DNF,Philippe TERRIER,Switzerland,Men,50-54,-,MCC
1176,DNF,Xavier POCINO,Spain,Men,50-54,-,MCC
1177,DNF,Odile SANT,France,Women,55-59,-,MCC
1178,DNF,Anthony PECHOU,France,Men,40-44,-,MCC
1179,DNF,Monique ORY,France,Women,70-74,-,MCC
1180,DNF,Kevin MYERS,United States of america,Men,65-69,-,MCC
1181,DNF,Sarah HODGSON JONES,United Kingdom,Women,50-54,-,MCC
1182,DNF,Jean-Daniel MONNET,Switzerland,Men,50-54,-,MCC
1183,DNF,Sonia Cristina CARDEAL PEREIRA,Brazil,Women,65-69,-,MCC
1184,DNF,Philippe ANTON,France,Men,60-64,-,MCC
1185,DNF,Claudine HANAUER,France,Women,60-64,-,MCC
1186,DNF,Mélanie ARTUSI,France,Men,35-39,-,MCC
1187,DNF,Galit MARCUS,United States of america,Women,50-54,-,MCC
1188,DNF,Christophe THERY,France,Men,50-54,-,MCC
1189,DNF,Sofia KEIGHTLEY,Sweden,Women,55-59,-,MCC
1190,DNF,Marlene CHEVREUX,France,Women,35-39,-,MCC
1191,DNF,Myriam RABIER,France,Women,65-69,-,MCC
1192,DNF,Nicolas BEAULIEU,France,Men,40-44,-,MCC
1193,DNF,Aymeline GOUR,France,Women,40-44,-,MCC
1194,DNF,Jerome SENEMAUD,France,Men,50-54,-,MCC
1195,DNF,Charles SAVAGE,United States of america,Men,75-79,-,MCC
1196,DNF,Gustavo PESSAGNO,Argentina,Men,50-54,-,MCC
1197,DNF,Pietro BONFIGLIOLI,Italy,Men,65-69,-,MCC
